"quotedate","rate"
1999-01-01,4.07
1999-01-02,4.07
1999-01-03,4.07
1999-01-04,5.04
1999-01-05,4.54
1999-01-06,4.23
1999-01-07,4.49
1999-01-08,4.74
1999-01-09,4.74
1999-01-10,4.74
1999-01-11,5.17
1999-01-12,4.78
1999-01-13,4.62
1999-01-14,4.82
1999-01-15,4.68
1999-01-16,4.68
1999-01-17,4.68
1999-01-18,4.68
1999-01-19,4.55
1999-01-20,4.41
1999-01-21,4.36
1999-01-22,4.62
1999-01-23,4.62
1999-01-24,4.62
1999-01-25,4.97
1999-01-26,4.84
1999-01-27,4.61
1999-01-28,4.80
1999-01-29,4.79
1999-01-30,4.79
1999-01-31,4.79
1999-02-01,4.86
1999-02-02,4.56
1999-02-03,4.65
1999-02-04,4.88
1999-02-05,4.76
1999-02-06,4.76
1999-02-07,4.76
1999-02-08,4.85
1999-02-09,4.73
1999-02-10,4.66
1999-02-11,4.73
1999-02-12,4.68
1999-02-13,4.68
1999-02-14,4.68
1999-02-15,4.68
1999-02-16,5.09
1999-02-17,4.73
1999-02-18,4.71
1999-02-19,4.72
1999-02-20,4.72
1999-02-21,4.72
1999-02-22,4.78
1999-02-23,4.73
1999-02-24,4.88
1999-02-25,4.89
1999-02-26,4.84
1999-02-27,4.84
1999-02-28,4.84
1999-03-01,5.10
1999-03-02,4.73
1999-03-03,4.74
1999-03-04,4.80
1999-03-05,4.80
1999-03-06,4.80
1999-03-07,4.80
1999-03-08,4.83
1999-03-09,4.74
1999-03-10,4.82
1999-03-11,4.80
1999-03-12,4.74
1999-03-13,4.74
1999-03-14,4.74
1999-03-15,5.01
1999-03-16,4.77
1999-03-17,4.73
1999-03-18,4.72
1999-03-19,4.75
1999-03-20,4.75
1999-03-21,4.75
1999-03-22,4.81
1999-03-23,4.79
1999-03-24,4.93
1999-03-25,4.97
1999-03-26,4.78
1999-03-27,4.78
1999-03-28,4.78
1999-03-29,4.84
1999-03-30,4.77
1999-03-31,4.98
1999-04-01,5.41
1999-04-02,4.69
1999-04-03,4.69
1999-04-04,4.69
1999-04-05,4.76
1999-04-06,4.70
1999-04-07,4.64
1999-04-08,4.72
1999-04-09,4.65
1999-04-10,4.65
1999-04-11,4.65
1999-04-12,4.69
1999-04-13,4.66
1999-04-14,4.72
1999-04-15,4.77
1999-04-16,4.62
1999-04-17,4.62
1999-04-18,4.62
1999-04-19,4.60
1999-04-20,4.49
1999-04-21,4.58
1999-04-22,4.65
1999-04-23,4.71
1999-04-24,4.71
1999-04-25,4.71
1999-04-26,5.09
1999-04-27,4.83
1999-04-28,4.83
1999-04-29,4.91
1999-04-30,5.03
1999-05-01,5.03
1999-05-02,5.03
1999-05-03,5.01
1999-05-04,4.71
1999-05-05,4.60
1999-05-06,4.77
1999-05-07,4.67
1999-05-08,4.67
1999-05-09,4.67
1999-05-10,4.69
1999-05-11,4.69
1999-05-12,4.72
1999-05-13,4.78
1999-05-14,4.81
1999-05-15,4.81
1999-05-16,4.81
1999-05-17,5.01
1999-05-18,4.64
1999-05-19,4.48
1999-05-20,4.75
1999-05-21,4.67
1999-05-22,4.67
1999-05-23,4.67
1999-05-24,4.73
1999-05-25,4.80
1999-05-26,4.81
1999-05-27,4.87
1999-05-28,4.61
1999-05-29,4.61
1999-05-30,4.61
1999-05-31,4.61
1999-06-01,4.78
1999-06-02,4.45
1999-06-03,4.77
1999-06-04,4.69
1999-06-05,4.69
1999-06-06,4.69
1999-06-07,4.73
1999-06-08,4.68
1999-06-09,4.72
1999-06-10,4.79
1999-06-11,4.74
1999-06-12,4.74
1999-06-13,4.74
1999-06-14,4.74
1999-06-15,4.67
1999-06-16,4.71
1999-06-17,4.73
1999-06-18,4.69
1999-06-19,4.69
1999-06-20,4.69
1999-06-21,4.74
1999-06-22,4.69
1999-06-23,4.71
1999-06-24,4.87
1999-06-25,4.91
1999-06-26,4.91
1999-06-27,4.91
1999-06-28,5.04
1999-06-29,4.91
1999-06-30,5.12
1999-07-01,5.76
1999-07-02,4.82
1999-07-03,4.82
1999-07-04,4.82
1999-07-05,4.82
1999-07-06,5.03
1999-07-07,4.92
1999-07-08,4.94
1999-07-09,4.98
1999-07-10,4.98
1999-07-11,4.98
1999-07-12,5.01
1999-07-13,4.90
1999-07-14,4.99
1999-07-15,5.14
1999-07-16,4.92
1999-07-17,4.92
1999-07-18,4.92
1999-07-19,4.97
1999-07-20,4.92
1999-07-21,4.96
1999-07-22,5.06
1999-07-23,5.00
1999-07-24,5.00
1999-07-25,5.00
1999-07-26,5.09
1999-07-27,4.91
1999-07-28,4.98
1999-07-29,5.12
1999-07-30,5.07
1999-07-31,5.07
1999-08-01,5.07
1999-08-02,5.18
1999-08-03,4.98
1999-08-04,4.94
1999-08-05,5.00
1999-08-06,4.93
1999-08-07,4.93
1999-08-08,4.93
1999-08-09,4.99
1999-08-10,4.92
1999-08-11,5.05
1999-08-12,5.10
1999-08-13,5.01
1999-08-14,5.01
1999-08-15,5.01
1999-08-16,5.24
1999-08-17,4.94
1999-08-18,4.89
1999-08-19,4.97
1999-08-20,4.95
1999-08-21,4.95
1999-08-22,4.95
1999-08-23,5.06
1999-08-24,5.08
1999-08-25,5.20
1999-08-26,5.30
1999-08-27,5.24
1999-08-28,5.24
1999-08-29,5.24
1999-08-30,5.37
1999-08-31,5.57
1999-09-01,5.41
1999-09-02,5.26
1999-09-03,5.09
1999-09-04,5.09
1999-09-05,5.09
1999-09-06,5.09
1999-09-07,5.33
1999-09-08,5.17
1999-09-09,5.24
1999-09-10,5.17
1999-09-11,5.17
1999-09-12,5.17
1999-09-13,5.27
1999-09-14,5.26
1999-09-15,5.41
1999-09-16,5.23
1999-09-17,5.11
1999-09-18,5.11
1999-09-19,5.11
1999-09-20,5.20
1999-09-21,5.12
1999-09-22,5.21
1999-09-23,5.29
1999-09-24,5.23
1999-09-25,5.23
1999-09-26,5.23
1999-09-27,5.35
1999-09-28,5.32
1999-09-29,5.26
1999-09-30,5.51
1999-10-01,5.26
1999-10-02,5.26
1999-10-03,5.26
1999-10-04,5.23
1999-10-05,5.16
1999-10-06,5.21
1999-10-07,5.28
1999-10-08,5.10
1999-10-09,5.10
1999-10-10,5.10
1999-10-11,5.10
1999-10-12,5.30
1999-10-13,5.20
1999-10-14,5.22
1999-10-15,5.28
1999-10-16,5.28
1999-10-17,5.28
1999-10-18,5.20
1999-10-19,5.07
1999-10-20,4.92
1999-10-21,5.20
1999-10-22,5.11
1999-10-23,5.11
1999-10-24,5.11
1999-10-25,5.23
1999-10-26,5.22
1999-10-27,5.29
1999-10-28,5.31
1999-10-29,5.27
1999-10-30,5.27
1999-10-31,5.27
1999-11-01,5.38
1999-11-02,5.18
1999-11-03,5.21
1999-11-04,5.27
1999-11-05,5.14
1999-11-06,5.14
1999-11-07,5.14
1999-11-08,5.23
1999-11-09,5.22
1999-11-10,5.27
1999-11-11,5.27
1999-11-12,5.45
1999-11-13,5.45
1999-11-14,5.45
1999-11-15,5.64
1999-11-16,5.40
1999-11-17,5.41
1999-11-18,5.49
1999-11-19,5.43
1999-11-20,5.43
1999-11-21,5.43
1999-11-22,5.53
1999-11-23,5.59
1999-11-24,5.72
1999-11-25,5.72
1999-11-26,5.59
1999-11-27,5.59
1999-11-28,5.59
1999-11-29,5.61
1999-11-30,5.63
1999-12-01,5.71
1999-12-02,5.58
1999-12-03,5.42
1999-12-04,5.42
1999-12-05,5.42
1999-12-06,5.48
1999-12-07,5.42
1999-12-08,5.42
1999-12-09,5.51
1999-12-10,5.42
1999-12-11,5.42
1999-12-12,5.42
1999-12-13,5.46
1999-12-14,5.31
1999-12-15,5.56
1999-12-16,5.54
1999-12-17,5.40
1999-12-18,5.40
1999-12-19,5.40
1999-12-20,5.54
1999-12-21,5.52
1999-12-22,5.45
1999-12-23,5.40
1999-12-24,4.96
1999-12-25,4.96
1999-12-26,4.96
1999-12-27,5.33
1999-12-28,4.86
1999-12-29,4.61
1999-12-30,4.88
1999-12-31,3.99
2000-01-01,3.99
2000-01-02,3.99
2000-01-03,5.43
2000-01-04,5.38
2000-01-05,5.41
2000-01-06,5.54
2000-01-07,5.61
2000-01-08,5.61
2000-01-09,5.61
2000-01-10,5.74
2000-01-11,5.63
2000-01-12,5.59
2000-01-13,5.58
2000-01-14,5.56
2000-01-15,5.56
2000-01-16,5.56
2000-01-17,5.56
2000-01-18,5.83
2000-01-19,5.47
2000-01-20,5.44
2000-01-21,5.36
2000-01-22,5.36
2000-01-23,5.36
2000-01-24,5.53
2000-01-25,5.46
2000-01-26,5.52
2000-01-27,5.61
2000-01-28,5.58
2000-01-29,5.58
2000-01-30,5.58
2000-01-31,5.87
2000-02-01,5.79
2000-02-02,5.64
2000-02-03,5.71
2000-02-04,5.70
2000-02-05,5.70
2000-02-06,5.70
2000-02-07,5.76
2000-02-08,5.67
2000-02-09,5.76
2000-02-10,5.79
2000-02-11,5.71
2000-02-12,5.71
2000-02-13,5.71
2000-02-14,5.79
2000-02-15,5.85
2000-02-16,5.67
2000-02-17,5.66
2000-02-18,5.70
2000-02-19,5.70
2000-02-20,5.70
2000-02-21,5.70
2000-02-22,5.81
2000-02-23,5.77
2000-02-24,5.76
2000-02-25,5.73
2000-02-26,5.73
2000-02-27,5.73
2000-02-28,5.81
2000-02-29,5.85
2000-03-01,5.78
2000-03-02,5.76
2000-03-03,5.72
2000-03-04,5.72
2000-03-05,5.72
2000-03-06,5.73
2000-03-07,5.68
2000-03-08,5.77
2000-03-09,5.79
2000-03-10,5.75
2000-03-11,5.75
2000-03-12,5.75
2000-03-13,5.81
2000-03-14,5.80
2000-03-15,5.90
2000-03-16,5.77
2000-03-17,5.76
2000-03-18,5.76
2000-03-19,5.76
2000-03-20,5.82
2000-03-21,5.81
2000-03-22,6.02
2000-03-23,6.04
2000-03-24,5.98
2000-03-25,5.98
2000-03-26,5.98
2000-03-27,6.07
2000-03-28,6.02
2000-03-29,5.98
2000-03-30,6.11
2000-03-31,6.17
2000-04-01,6.17
2000-04-02,6.17
2000-04-03,6.15
2000-04-04,5.98
2000-04-05,6.08
2000-04-06,6.05
2000-04-07,5.95
2000-04-08,5.95
2000-04-09,5.95
2000-04-10,6.05
2000-04-11,5.97
2000-04-12,5.93
2000-04-13,5.97
2000-04-14,6.08
2000-04-15,6.08
2000-04-16,6.08
2000-04-17,6.18
2000-04-18,5.93
2000-04-19,5.93
2000-04-20,6.05
2000-04-21,5.94
2000-04-22,5.94
2000-04-23,5.94
2000-04-24,5.90
2000-04-25,5.99
2000-04-26,6.00
2000-04-27,6.00
2000-04-28,6.06
2000-04-29,6.06
2000-04-30,6.06
2000-05-01,6.17
2000-05-02,6.05
2000-05-03,6.05
2000-05-04,6.05
2000-05-05,5.94
2000-05-06,5.94
2000-05-07,5.94
2000-05-08,6.01
2000-05-09,5.92
2000-05-10,5.95
2000-05-11,6.05
2000-05-12,6.11
2000-05-13,6.11
2000-05-14,6.11
2000-05-15,6.34
2000-05-16,6.13
2000-05-17,6.25
2000-05-18,6.49
2000-05-19,6.51
2000-05-20,6.51
2000-05-21,6.51
2000-05-22,6.52
2000-05-23,6.47
2000-05-24,6.48
2000-05-25,6.56
2000-05-26,6.40
2000-05-27,6.40
2000-05-28,6.40
2000-05-29,6.40
2000-05-30,6.71
2000-05-31,6.83
2000-06-01,6.65
2000-06-02,6.44
2000-06-03,6.44
2000-06-04,6.44
2000-06-05,6.51
2000-06-06,6.47
2000-06-07,6.50
2000-06-08,6.54
2000-06-09,6.47
2000-06-10,6.47
2000-06-11,6.47
2000-06-12,6.54
2000-06-13,6.46
2000-06-14,6.54
2000-06-15,6.70
2000-06-16,6.46
2000-06-17,6.46
2000-06-18,6.46
2000-06-19,6.51
2000-06-20,6.49
2000-06-21,6.47
2000-06-22,6.52
2000-06-23,6.51
2000-06-24,6.51
2000-06-25,6.51
2000-06-26,6.63
2000-06-27,6.56
2000-06-28,6.50
2000-06-29,6.76
2000-06-30,6.86
2000-07-01,6.86
2000-07-02,6.86
2000-07-03,7.03
2000-07-04,7.03
2000-07-05,6.52
2000-07-06,6.51
2000-07-07,6.42
2000-07-08,6.42
2000-07-09,6.42
2000-07-10,6.51
2000-07-11,6.39
2000-07-12,6.38
2000-07-13,6.50
2000-07-14,6.51
2000-07-15,6.51
2000-07-16,6.51
2000-07-17,6.58
2000-07-18,6.47
2000-07-19,6.45
2000-07-20,6.52
2000-07-21,6.51
2000-07-22,6.51
2000-07-23,6.51
2000-07-24,6.52
2000-07-25,6.46
2000-07-26,6.49
2000-07-27,6.52
2000-07-28,6.44
2000-07-29,6.44
2000-07-30,6.44
2000-07-31,6.64
2000-08-01,6.51
2000-08-02,6.42
2000-08-03,6.45
2000-08-04,6.44
2000-08-05,6.44
2000-08-06,6.44
2000-08-07,6.46
2000-08-08,6.44
2000-08-09,6.48
2000-08-10,6.52
2000-08-11,6.50
2000-08-12,6.50
2000-08-13,6.50
2000-08-14,6.58
2000-08-15,6.63
2000-08-16,6.48
2000-08-17,6.47
2000-08-18,6.44
2000-08-19,6.44
2000-08-20,6.44
2000-08-21,6.48
2000-08-22,6.42
2000-08-23,6.50
2000-08-24,6.56
2000-08-25,6.54
2000-08-26,6.54
2000-08-27,6.54
2000-08-28,6.57
2000-08-29,6.51
2000-08-30,6.51
2000-08-31,6.65
2000-09-01,6.52
2000-09-02,6.52
2000-09-03,6.52
2000-09-04,6.52
2000-09-05,6.61
2000-09-06,6.56
2000-09-07,6.53
2000-09-08,6.50
2000-09-09,6.50
2000-09-10,6.50
2000-09-11,6.50
2000-09-12,6.47
2000-09-13,6.47
2000-09-14,6.50
2000-09-15,6.55
2000-09-16,6.55
2000-09-17,6.55
2000-09-18,6.44
2000-09-19,6.40
2000-09-20,6.50
2000-09-21,6.53
2000-09-22,6.48
2000-09-23,6.48
2000-09-24,6.48
2000-09-25,6.54
2000-09-26,6.50
2000-09-27,6.50
2000-09-28,6.59
2000-09-29,6.60
2000-09-30,6.60
2000-10-01,6.60
2000-10-02,6.68
2000-10-03,6.46
2000-10-04,6.51
2000-10-05,6.54
2000-10-06,6.43
2000-10-07,6.43
2000-10-08,6.43
2000-10-09,6.43
2000-10-10,6.57
2000-10-11,6.46
2000-10-12,6.47
2000-10-13,6.46
2000-10-14,6.46
2000-10-15,6.46
2000-10-16,6.59
2000-10-17,6.45
2000-10-18,6.53
2000-10-19,6.54
2000-10-20,6.50
2000-10-21,6.50
2000-10-22,6.50
2000-10-23,6.53
2000-10-24,6.49
2000-10-25,6.53
2000-10-26,6.53
2000-10-27,6.51
2000-10-28,6.51
2000-10-29,6.51
2000-10-30,6.59
2000-10-31,6.59
2000-11-01,6.61
2000-11-02,6.54
2000-11-03,6.48
2000-11-04,6.48
2000-11-05,6.48
2000-11-06,6.49
2000-11-07,6.48
2000-11-08,6.51
2000-11-09,6.52
2000-11-10,6.48
2000-11-11,6.48
2000-11-12,6.48
2000-11-13,6.55
2000-11-14,6.52
2000-11-15,6.61
2000-11-16,6.55
2000-11-17,6.48
2000-11-18,6.48
2000-11-19,6.48
2000-11-20,6.52
2000-11-21,6.50
2000-11-22,6.58
2000-11-23,6.58
2000-11-24,6.49
2000-11-25,6.49
2000-11-26,6.49
2000-11-27,6.50
2000-11-28,6.46
2000-11-29,6.50
2000-11-30,6.62
2000-12-01,6.60
2000-12-02,6.60
2000-12-03,6.60
2000-12-04,6.57
2000-12-05,6.51
2000-12-06,6.48
2000-12-07,6.49
2000-12-08,6.47
2000-12-09,6.47
2000-12-10,6.47
2000-12-11,6.49
2000-12-12,6.43
2000-12-13,6.47
2000-12-14,6.53
2000-12-15,6.58
2000-12-16,6.58
2000-12-17,6.58
2000-12-18,6.50
2000-12-19,6.47
2000-12-20,6.47
2000-12-21,6.48
2000-12-22,6.44
2000-12-23,6.44
2000-12-24,6.44
2000-12-25,6.44
2000-12-26,6.58
2000-12-27,6.53
2000-12-28,6.53
2000-12-29,5.41
2000-12-30,5.41
2000-12-31,5.41
2001-01-01,5.41
2001-01-02,6.67
2001-01-03,6.35
2001-01-04,5.92
2001-01-05,5.83
2001-01-06,5.83
2001-01-07,5.83
2001-01-08,5.98
2001-01-09,5.95
2001-01-10,6.06
2001-01-11,6.05
2001-01-12,5.98
2001-01-13,5.98
2001-01-14,5.98
2001-01-15,5.98
2001-01-16,6.20
2001-01-17,5.94
2001-01-18,5.93
2001-01-19,5.92
2001-01-20,5.92
2001-01-21,5.92
2001-01-22,6.00
2001-01-23,5.97
2001-01-24,6.05
2001-01-25,6.10
2001-01-26,5.96
2001-01-27,5.96
2001-01-28,5.96
2001-01-29,5.98
2001-01-30,5.90
2001-01-31,5.74
2001-02-01,5.57
2001-02-02,5.50
2001-02-03,5.50
2001-02-04,5.50
2001-02-05,5.52
2001-02-06,5.48
2001-02-07,5.50
2001-02-08,5.50
2001-02-09,5.44
2001-02-10,5.44
2001-02-11,5.44
2001-02-12,5.48
2001-02-13,5.46
2001-02-14,5.50
2001-02-15,5.57
2001-02-16,5.46
2001-02-17,5.46
2001-02-18,5.46
2001-02-19,5.46
2001-02-20,5.57
2001-02-21,5.50
2001-02-22,5.52
2001-02-23,5.46
2001-02-24,5.46
2001-02-25,5.46
2001-02-26,5.55
2001-02-27,5.49
2001-02-28,5.59
2001-03-01,5.59
2001-03-02,5.52
2001-03-03,5.52
2001-03-04,5.52
2001-03-05,5.52
2001-03-06,5.39
2001-03-07,5.34
2001-03-08,5.46
2001-03-09,5.42
2001-03-10,5.42
2001-03-11,5.42
2001-03-12,5.50
2001-03-13,5.50
2001-03-14,5.48
2001-03-15,5.52
2001-03-16,5.40
2001-03-17,5.40
2001-03-18,5.40
2001-03-19,5.38
2001-03-20,5.14
2001-03-21,5.05
2001-03-22,5.04
2001-03-23,4.94
2001-03-24,4.94
2001-03-25,4.94
2001-03-26,5.03
2001-03-27,5.04
2001-03-28,5.05
2001-03-29,5.19
2001-03-30,5.29
2001-03-31,5.29
2001-04-01,5.29
2001-04-02,5.30
2001-04-03,5.10
2001-04-04,5.01
2001-04-05,5.04
2001-04-06,4.94
2001-04-07,4.94
2001-04-08,4.94
2001-04-09,4.98
2001-04-10,4.96
2001-04-11,4.95
2001-04-12,5.02
2001-04-13,5.01
2001-04-14,5.01
2001-04-15,5.01
2001-04-16,5.17
2001-04-17,4.99
2001-04-18,4.67
2001-04-19,4.47
2001-04-20,4.38
2001-04-21,4.38
2001-04-22,4.38
2001-04-23,4.40
2001-04-24,4.41
2001-04-25,4.54
2001-04-26,4.57
2001-04-27,4.51
2001-04-28,4.51
2001-04-29,4.51
2001-04-30,4.67
2001-05-01,4.61
2001-05-02,4.35
2001-05-03,4.48
2001-05-04,4.41
2001-05-05,4.41
2001-05-06,4.41
2001-05-07,4.47
2001-05-08,4.41
2001-05-09,4.43
2001-05-10,4.51
2001-05-11,4.47
2001-05-12,4.47
2001-05-13,4.47
2001-05-14,4.43
2001-05-15,4.22
2001-05-16,4.04
2001-05-17,4.04
2001-05-18,3.95
2001-05-19,3.95
2001-05-20,3.95
2001-05-21,4.02
2001-05-22,3.99
2001-05-23,3.97
2001-05-24,3.98
2001-05-25,3.94
2001-05-26,3.94
2001-05-27,3.94
2001-05-28,3.94
2001-05-29,4.09
2001-05-30,4.05
2001-05-31,4.24
2001-06-01,4.14
2001-06-02,4.14
2001-06-03,4.14
2001-06-04,4.03
2001-06-05,3.93
2001-06-06,3.91
2001-06-07,3.92
2001-06-08,4.02
2001-06-09,4.02
2001-06-10,4.02
2001-06-11,4.03
2001-06-12,3.98
2001-06-13,4.04
2001-06-14,4.03
2001-06-15,3.94
2001-06-16,3.94
2001-06-17,3.94
2001-06-18,3.91
2001-06-19,3.91
2001-06-20,3.98
2001-06-21,4.02
2001-06-22,3.98
2001-06-23,3.98
2001-06-24,3.98
2001-06-25,3.97
2001-06-26,3.75
2001-06-27,3.68
2001-06-28,3.86
2001-06-29,3.95
2001-06-30,3.95
2001-07-01,3.95
2001-07-02,4.11
2001-07-03,3.69
2001-07-04,3.69
2001-07-05,3.72
2001-07-06,3.60
2001-07-07,3.60
2001-07-08,3.60
2001-07-09,3.67
2001-07-10,3.71
2001-07-11,3.78
2001-07-12,3.78
2001-07-13,3.75
2001-07-14,3.75
2001-07-15,3.75
2001-07-16,3.82
2001-07-17,3.71
2001-07-18,3.73
2001-07-19,3.77
2001-07-20,3.80
2001-07-21,3.80
2001-07-22,3.80
2001-07-23,3.82
2001-07-24,3.82
2001-07-25,3.89
2001-07-26,3.87
2001-07-27,3.75
2001-07-28,3.75
2001-07-29,3.75
2001-07-30,3.79
2001-07-31,3.82
2001-08-01,3.79
2001-08-02,3.68
2001-08-03,3.69
2001-08-04,3.69
2001-08-05,3.69
2001-08-06,3.73
2001-08-07,3.69
2001-08-08,3.75
2001-08-09,3.77
2001-08-10,3.70
2001-08-11,3.70
2001-08-12,3.70
2001-08-13,3.79
2001-08-14,3.76
2001-08-15,3.83
2001-08-16,3.75
2001-08-17,3.66
2001-08-18,3.66
2001-08-19,3.66
2001-08-20,3.64
2001-08-21,3.53
2001-08-22,3.51
2001-08-23,3.55
2001-08-24,3.51
2001-08-25,3.51
2001-08-26,3.51
2001-08-27,3.54
2001-08-28,3.50
2001-08-29,3.50
2001-08-30,3.58
2001-08-31,3.66
2001-09-01,3.66
2001-09-02,3.66
2001-09-03,3.66
2001-09-04,3.67
2001-09-05,3.49
2001-09-06,3.52
2001-09-07,3.44
2001-09-08,3.44
2001-09-09,3.44
2001-09-10,3.50
2001-09-11,3.50
2001-09-12,3.56
2001-09-13,3.31
2001-09-14,3.13
2001-09-15,3.13
2001-09-16,3.13
2001-09-17,2.13
2001-09-18,1.25
2001-09-19,1.19
2001-09-20,2.22
2001-09-21,3.11
2001-09-22,3.11
2001-09-23,3.11
2001-09-24,3.31
2001-09-25,3.11
2001-09-26,2.96
2001-09-27,3.08
2001-09-28,2.75
2001-09-29,2.75
2001-09-30,2.75
2001-10-01,3.02
2001-10-02,2.35
2001-10-03,2.27
2001-10-04,2.45
2001-10-05,2.42
2001-10-06,2.42
2001-10-07,2.42
2001-10-08,2.42
2001-10-09,2.50
2001-10-10,2.42
2001-10-11,2.42
2001-10-12,2.39
2001-10-13,2.39
2001-10-14,2.39
2001-10-15,2.51
2001-10-16,2.47
2001-10-17,2.51
2001-10-18,2.50
2001-10-19,2.47
2001-10-20,2.47
2001-10-21,2.47
2001-10-22,2.52
2001-10-23,2.48
2001-10-24,2.53
2001-10-25,2.54
2001-10-26,2.51
2001-10-27,2.51
2001-10-28,2.51
2001-10-29,2.55
2001-10-30,2.55
2001-10-31,2.66
2001-11-01,2.61
2001-11-02,2.43
2001-11-03,2.43
2001-11-04,2.43
2001-11-05,2.45
2001-11-06,2.13
2001-11-07,2.04
2001-11-08,2.03
2001-11-09,1.98
2001-11-10,1.98
2001-11-11,1.98
2001-11-12,1.98
2001-11-13,2.10
2001-11-14,2.16
2001-11-15,2.22
2001-11-16,1.98
2001-11-17,1.98
2001-11-18,1.98
2001-11-19,2.01
2001-11-20,1.97
2001-11-21,1.93
2001-11-22,1.93
2001-11-23,1.88
2001-11-24,1.88
2001-11-25,1.88
2001-11-26,2.04
2001-11-27,2.01
2001-11-28,2.04
2001-11-29,2.09
2001-11-30,2.06
2001-12-01,2.06
2001-12-02,2.06
2001-12-03,2.05
2001-12-04,1.93
2001-12-05,1.89
2001-12-06,1.87
2001-12-07,1.92
2001-12-08,1.92
2001-12-09,1.92
2001-12-10,1.90
2001-12-11,1.80
2001-12-12,1.81
2001-12-13,1.86
2001-12-14,1.88
2001-12-15,1.88
2001-12-16,1.88
2001-12-17,1.93
2001-12-18,1.71
2001-12-19,1.71
2001-12-20,1.79
2001-12-21,1.78
2001-12-22,1.78
2001-12-23,1.78
2001-12-24,1.68
2001-12-25,1.68
2001-12-26,1.89
2001-12-27,1.85
2001-12-28,1.54
2001-12-29,1.54
2001-12-30,1.54
2001-12-31,1.52
2002-01-01,1.52
2002-01-02,1.92
2002-01-03,1.72
2002-01-04,1.61
2002-01-05,1.61
2002-01-06,1.61
2002-01-07,1.61
2002-01-08,1.61
2002-01-09,1.74
2002-01-10,1.81
2002-01-11,1.71
2002-01-12,1.71
2002-01-13,1.71
2002-01-14,1.78
2002-01-15,1.75
2002-01-16,1.69
2002-01-17,1.68
2002-01-18,1.71
2002-01-19,1.71
2002-01-20,1.71
2002-01-21,1.71
2002-01-22,1.84
2002-01-23,1.81
2002-01-24,1.80
2002-01-25,1.78
2002-01-26,1.78
2002-01-27,1.78
2002-01-28,1.79
2002-01-29,1.78
2002-01-30,1.78
2002-01-31,1.85
2002-02-01,1.77
2002-02-02,1.77
2002-02-03,1.77
2002-02-04,1.74
2002-02-05,1.64
2002-02-06,1.66
2002-02-07,1.74
2002-02-08,1.69
2002-02-09,1.69
2002-02-10,1.69
2002-02-11,1.76
2002-02-12,1.72
2002-02-13,1.75
2002-02-14,1.81
2002-02-15,1.73
2002-02-16,1.73
2002-02-17,1.73
2002-02-18,1.73
2002-02-19,1.77
2002-02-20,1.76
2002-02-21,1.77
2002-02-22,1.71
2002-02-23,1.71
2002-02-24,1.71
2002-02-25,1.80
2002-02-26,1.77
2002-02-27,1.76
2002-02-28,1.83
2002-03-01,1.78
2002-03-02,1.78
2002-03-03,1.78
2002-03-04,1.68
2002-03-05,1.63
2002-03-06,1.71
2002-03-07,1.77
2002-03-08,1.69
2002-03-09,1.69
2002-03-10,1.69
2002-03-11,1.75
2002-03-12,1.68
2002-03-13,1.73
2002-03-14,1.79
2002-03-15,1.80
2002-03-16,1.80
2002-03-17,1.80
2002-03-18,1.71
2002-03-19,1.67
2002-03-20,1.78
2002-03-21,1.74
2002-03-22,1.68
2002-03-23,1.68
2002-03-24,1.68
2002-03-25,1.75
2002-03-26,1.71
2002-03-27,1.69
2002-03-28,1.77
2002-03-29,1.74
2002-03-30,1.74
2002-03-31,1.74
2002-04-01,1.88
2002-04-02,1.74
2002-04-03,1.81
2002-04-04,1.74
2002-04-05,1.70
2002-04-06,1.70
2002-04-07,1.70
2002-04-08,1.72
2002-04-09,1.68
2002-04-10,1.73
2002-04-11,1.83
2002-04-12,1.79
2002-04-13,1.79
2002-04-14,1.79
2002-04-15,1.84
2002-04-16,1.68
2002-04-17,1.73
2002-04-18,1.71
2002-04-19,1.67
2002-04-20,1.67
2002-04-21,1.67
2002-04-22,1.73
2002-04-23,1.71
2002-04-24,1.76
2002-04-25,1.82
2002-04-26,1.79
2002-04-27,1.79
2002-04-28,1.79
2002-04-29,1.81
2002-04-30,1.82
2002-05-01,1.88
2002-05-02,1.79
2002-05-03,1.73
2002-05-04,1.73
2002-05-05,1.73
2002-05-06,1.75
2002-05-07,1.72
2002-05-08,1.71
2002-05-09,1.74
2002-05-10,1.74
2002-05-11,1.74
2002-05-12,1.74
2002-05-13,1.75
2002-05-14,1.69
2002-05-15,1.84
2002-05-16,1.76
2002-05-17,1.70
2002-05-18,1.70
2002-05-19,1.70
2002-05-20,1.72
2002-05-21,1.68
2002-05-22,1.73
2002-05-23,1.76
2002-05-24,1.75
2002-05-25,1.75
2002-05-26,1.75
2002-05-27,1.75
2002-05-28,1.88
2002-05-29,1.79
2002-05-30,1.80
2002-05-31,1.79
2002-06-01,1.79
2002-06-02,1.79
2002-06-03,1.83
2002-06-04,1.73
2002-06-05,1.70
2002-06-06,1.75
2002-06-07,1.73
2002-06-08,1.73
2002-06-09,1.73
2002-06-10,1.76
2002-06-11,1.72
2002-06-12,1.75
2002-06-13,1.76
2002-06-14,1.75
2002-06-15,1.75
2002-06-16,1.75
2002-06-17,1.82
2002-06-18,1.71
2002-06-19,1.69
2002-06-20,1.75
2002-06-21,1.74
2002-06-22,1.74
2002-06-23,1.74
2002-06-24,1.77
2002-06-25,1.75
2002-06-26,1.78
2002-06-27,1.81
2002-06-28,1.73
2002-06-29,1.73
2002-06-30,1.73
2002-07-01,1.83
2002-07-02,1.72
2002-07-03,1.71
2002-07-04,1.71
2002-07-05,1.72
2002-07-06,1.72
2002-07-07,1.72
2002-07-08,1.75
2002-07-09,1.72
2002-07-10,1.74
2002-07-11,1.76
2002-07-12,1.71
2002-07-13,1.71
2002-07-14,1.71
2002-07-15,1.83
2002-07-16,1.72
2002-07-17,1.71
2002-07-18,1.74
2002-07-19,1.72
2002-07-20,1.72
2002-07-21,1.72
2002-07-22,1.77
2002-07-23,1.73
2002-07-24,1.67
2002-07-25,1.75
2002-07-26,1.69
2002-07-27,1.69
2002-07-28,1.69
2002-07-29,1.75
2002-07-30,1.71
2002-07-31,1.76
2002-08-01,1.79
2002-08-02,1.72
2002-08-03,1.72
2002-08-04,1.72
2002-08-05,1.77
2002-08-06,1.74
2002-08-07,1.71
2002-08-08,1.71
2002-08-09,1.68
2002-08-10,1.68
2002-08-11,1.68
2002-08-12,1.76
2002-08-13,1.74
2002-08-14,1.78
2002-08-15,1.87
2002-08-16,1.70
2002-08-17,1.70
2002-08-18,1.70
2002-08-19,1.72
2002-08-20,1.70
2002-08-21,1.72
2002-08-22,1.73
2002-08-23,1.72
2002-08-24,1.72
2002-08-25,1.72
2002-08-26,1.81
2002-08-27,1.79
2002-08-28,1.80
2002-08-29,1.82
2002-08-30,1.81
2002-08-31,1.81
2002-09-01,1.81
2002-09-02,1.81
2002-09-03,1.87
2002-09-04,1.74
2002-09-05,1.75
2002-09-06,1.71
2002-09-07,1.71
2002-09-08,1.71
2002-09-09,1.76
2002-09-10,1.74
2002-09-11,1.72
2002-09-12,1.74
2002-09-13,1.72
2002-09-14,1.72
2002-09-15,1.72
2002-09-16,1.83
2002-09-17,1.72
2002-09-18,1.68
2002-09-19,1.69
2002-09-20,1.70
2002-09-21,1.70
2002-09-22,1.70
2002-09-23,1.74
2002-09-24,1.75
2002-09-25,1.79
2002-09-26,1.80
2002-09-27,1.78
2002-09-28,1.78
2002-09-29,1.78
2002-09-30,1.85
2002-10-01,1.85
2002-10-02,1.75
2002-10-03,1.76
2002-10-04,1.72
2002-10-05,1.72
2002-10-06,1.72
2002-10-07,1.74
2002-10-08,1.72
2002-10-09,1.73
2002-10-10,1.75
2002-10-11,1.73
2002-10-12,1.73
2002-10-13,1.73
2002-10-14,1.73
2002-10-15,1.88
2002-10-16,1.73
2002-10-17,1.74
2002-10-18,1.71
2002-10-19,1.71
2002-10-20,1.71
2002-10-21,1.73
2002-10-22,1.71
2002-10-23,1.76
2002-10-24,1.80
2002-10-25,1.82
2002-10-26,1.82
2002-10-27,1.82
2002-10-28,1.79
2002-10-29,1.75
2002-10-30,1.72
2002-10-31,1.82
2002-11-01,1.74
2002-11-02,1.74
2002-11-03,1.74
2002-11-04,1.71
2002-11-05,1.64
2002-11-06,1.48
2002-11-07,1.27
2002-11-08,1.18
2002-11-09,1.18
2002-11-10,1.18
2002-11-11,1.18
2002-11-12,1.29
2002-11-13,1.17
2002-11-14,1.29
2002-11-15,1.35
2002-11-16,1.35
2002-11-17,1.35
2002-11-18,1.21
2002-11-19,1.20
2002-11-20,1.23
2002-11-21,1.27
2002-11-22,1.25
2002-11-23,1.25
2002-11-24,1.25
2002-11-25,1.32
2002-11-26,1.26
2002-11-27,1.27
2002-11-28,1.27
2002-11-29,1.23
2002-11-30,1.23
2002-12-01,1.23
2002-12-02,1.27
2002-12-03,1.24
2002-12-04,1.23
2002-12-05,1.24
2002-12-06,1.21
2002-12-07,1.21
2002-12-08,1.21
2002-12-09,1.22
2002-12-10,1.22
2002-12-11,1.29
2002-12-12,1.29
2002-12-13,1.25
2002-12-14,1.25
2002-12-15,1.25
2002-12-16,1.36
2002-12-17,1.26
2002-12-18,1.25
2002-12-19,1.28
2002-12-20,1.26
2002-12-21,1.26
2002-12-22,1.26
2002-12-23,1.28
2002-12-24,1.15
2002-12-25,1.15
2002-12-26,1.28
2002-12-27,1.20
2002-12-28,1.20
2002-12-29,1.20
2002-12-30,1.23
2002-12-31,1.16
2003-01-01,1.16
2003-01-02,1.30
2003-01-03,1.12
2003-01-04,1.12
2003-01-05,1.12
2003-01-06,1.22
2003-01-07,1.20
2003-01-08,1.29
2003-01-09,1.29
2003-01-10,1.25
2003-01-11,1.25
2003-01-12,1.25
2003-01-13,1.26
2003-01-14,1.24
2003-01-15,1.30
2003-01-16,1.24
2003-01-17,1.20
2003-01-18,1.20
2003-01-19,1.20
2003-01-20,1.20
2003-01-21,1.31
2003-01-22,1.26
2003-01-23,1.27
2003-01-24,1.21
2003-01-25,1.21
2003-01-26,1.21
2003-01-27,1.30
2003-01-28,1.23
2003-01-29,1.26
2003-01-30,1.29
2003-01-31,1.33
2003-02-01,1.33
2003-02-02,1.33
2003-02-03,1.30
2003-02-04,1.21
2003-02-05,1.21
2003-02-06,1.23
2003-02-07,1.21
2003-02-08,1.21
2003-02-09,1.21
2003-02-10,1.25
2003-02-11,1.22
2003-02-12,1.23
2003-02-13,1.28
2003-02-14,1.30
2003-02-15,1.30
2003-02-16,1.30
2003-02-17,1.30
2003-02-18,1.35
2003-02-19,1.24
2003-02-20,1.25
2003-02-21,1.21
2003-02-22,1.21
2003-02-23,1.21
2003-02-24,1.25
2003-02-25,1.28
2003-02-26,1.28
2003-02-27,1.31
2003-02-28,1.33
2003-03-01,1.33
2003-03-02,1.33
2003-03-03,1.33
2003-03-04,1.20
2003-03-05,1.22
2003-03-06,1.23
2003-03-07,1.20
2003-03-08,1.20
2003-03-09,1.20
2003-03-10,1.23
2003-03-11,1.21
2003-03-12,1.23
2003-03-13,1.31
2003-03-14,1.30
2003-03-15,1.30
2003-03-16,1.30
2003-03-17,1.31
2003-03-18,1.20
2003-03-19,1.20
2003-03-20,1.23
2003-03-21,1.20
2003-03-22,1.20
2003-03-23,1.20
2003-03-24,1.23
2003-03-25,1.24
2003-03-26,1.26
2003-03-27,1.29
2003-03-28,1.26
2003-03-29,1.26
2003-03-30,1.26
2003-03-31,1.38
2003-04-01,1.29
2003-04-02,1.19
2003-04-03,1.24
2003-04-04,1.22
2003-04-05,1.22
2003-04-06,1.22
2003-04-07,1.25
2003-04-08,1.22
2003-04-09,1.24
2003-04-10,1.27
2003-04-11,1.24
2003-04-12,1.24
2003-04-13,1.24
2003-04-14,1.32
2003-04-15,1.34
2003-04-16,1.26
2003-04-17,1.28
2003-04-18,1.24
2003-04-19,1.24
2003-04-20,1.24
2003-04-21,1.29
2003-04-22,1.26
2003-04-23,1.24
2003-04-24,1.24
2003-04-25,1.28
2003-04-26,1.28
2003-04-27,1.28
2003-04-28,1.29
2003-04-29,1.27
2003-04-30,1.31
2003-05-01,1.30
2003-05-02,1.24
2003-05-03,1.24
2003-05-04,1.24
2003-05-05,1.27
2003-05-06,1.28
2003-05-07,1.28
2003-05-08,1.27
2003-05-09,1.24
2003-05-10,1.24
2003-05-11,1.24
2003-05-12,1.25
2003-05-13,1.23
2003-05-14,1.30
2003-05-15,1.36
2003-05-16,1.26
2003-05-17,1.26
2003-05-18,1.26
2003-05-19,1.26
2003-05-20,1.23
2003-05-21,1.23
2003-05-22,1.25
2003-05-23,1.21
2003-05-24,1.21
2003-05-25,1.21
2003-05-26,1.21
2003-05-27,1.32
2003-05-28,1.29
2003-05-29,1.29
2003-05-30,1.28
2003-05-31,1.28
2003-06-01,1.28
2003-06-02,1.27
2003-06-03,1.21
2003-06-04,1.22
2003-06-05,1.26
2003-06-06,1.24
2003-06-07,1.24
2003-06-08,1.24
2003-06-09,1.25
2003-06-10,1.22
2003-06-11,1.25
2003-06-12,1.25
2003-06-13,1.24
2003-06-14,1.24
2003-06-15,1.24
2003-06-16,1.33
2003-06-17,1.24
2003-06-18,1.22
2003-06-19,1.22
2003-06-20,1.23
2003-06-21,1.23
2003-06-22,1.23
2003-06-23,1.21
2003-06-24,1.15
2003-06-25,1.18
2003-06-26,1.10
2003-06-27,1.08
2003-06-28,1.08
2003-06-29,1.08
2003-06-30,1.45
2003-07-01,1.11
2003-07-02,1.01
2003-07-03,0.96
2003-07-04,0.96
2003-07-05,0.96
2003-07-06,0.96
2003-07-07,1.00
2003-07-08,0.93
2003-07-09,0.96
2003-07-10,1.00
2003-07-11,0.98
2003-07-12,0.98
2003-07-13,0.98
2003-07-14,1.07
2003-07-15,1.13
2003-07-16,1.01
2003-07-17,1.02
2003-07-18,0.99
2003-07-19,0.99
2003-07-20,0.99
2003-07-21,1.02
2003-07-22,1.00
2003-07-23,1.05
2003-07-24,1.04
2003-07-25,1.03
2003-07-26,1.03
2003-07-27,1.03
2003-07-28,1.05
2003-07-29,1.04
2003-07-30,1.03
2003-07-31,1.04
2003-08-01,1.00
2003-08-02,1.00
2003-08-03,1.00
2003-08-04,1.00
2003-08-05,0.86
2003-08-06,0.88
2003-08-07,0.95
2003-08-08,0.96
2003-08-09,0.96
2003-08-10,0.96
2003-08-11,1.02
2003-08-12,0.99
2003-08-13,1.01
2003-08-14,1.22
2003-08-15,1.39
2003-08-16,1.39
2003-08-17,1.39
2003-08-18,1.03
2003-08-19,0.93
2003-08-20,0.89
2003-08-21,1.01
2003-08-22,0.99
2003-08-23,0.99
2003-08-24,0.99
2003-08-25,1.04
2003-08-26,1.00
2003-08-27,0.98
2003-08-28,1.04
2003-08-29,1.01
2003-08-30,1.01
2003-08-31,1.01
2003-09-01,1.01
2003-09-02,1.06
2003-09-03,0.96
2003-09-04,0.98
2003-09-05,0.96
2003-09-06,0.96
2003-09-07,0.96
2003-09-08,0.99
2003-09-09,0.95
2003-09-10,0.95
2003-09-11,1.00
2003-09-12,1.02
2003-09-13,1.02
2003-09-14,1.02
2003-09-15,1.11
2003-09-16,0.97
2003-09-17,0.97
2003-09-18,1.00
2003-09-19,0.99
2003-09-20,0.99
2003-09-21,0.99
2003-09-22,1.02
2003-09-23,1.01
2003-09-24,1.03
2003-09-25,1.08
2003-09-26,1.03
2003-09-27,1.03
2003-09-28,1.03
2003-09-29,1.04
2003-09-30,1.17
2003-10-01,1.11
2003-10-02,1.02
2003-10-03,0.99
2003-10-04,0.99
2003-10-05,0.99
2003-10-06,0.99
2003-10-07,0.98
2003-10-08,0.99
2003-10-09,1.02
2003-10-10,1.00
2003-10-11,1.00
2003-10-12,1.00
2003-10-13,1.00
2003-10-14,1.08
2003-10-15,1.09
2003-10-16,1.04
2003-10-17,0.98
2003-10-18,0.98
2003-10-19,0.98
2003-10-20,1.02
2003-10-21,0.99
2003-10-22,0.99
2003-10-23,1.02
2003-10-24,1.01
2003-10-25,1.01
2003-10-26,1.01
2003-10-27,1.03
2003-10-28,0.98
2003-10-29,0.97
2003-10-30,1.02
2003-10-31,1.03
2003-11-01,1.03
2003-11-02,1.03
2003-11-03,1.02
2003-11-04,0.98
2003-11-05,0.98
2003-11-06,1.00
2003-11-07,0.98
2003-11-08,0.98
2003-11-09,0.98
2003-11-10,0.99
2003-11-11,0.99
2003-11-12,1.00
2003-11-13,0.99
2003-11-14,0.98
2003-11-15,0.98
2003-11-16,0.98
2003-11-17,1.04
2003-11-18,0.98
2003-11-19,0.98
2003-11-20,1.00
2003-11-21,0.98
2003-11-22,0.98
2003-11-23,0.98
2003-11-24,0.98
2003-11-25,1.02
2003-11-26,1.01
2003-11-27,1.01
2003-11-28,1.01
2003-11-29,1.01
2003-11-30,1.01
2003-12-01,1.03
2003-12-02,0.97
2003-12-03,0.98
2003-12-04,0.99
2003-12-05,0.98
2003-12-06,0.98
2003-12-07,0.98
2003-12-08,0.99
2003-12-09,0.97
2003-12-10,0.99
2003-12-11,0.99
2003-12-12,0.99
2003-12-13,0.99
2003-12-14,0.99
2003-12-15,1.04
2003-12-16,0.99
2003-12-17,0.99
2003-12-18,1.01
2003-12-19,0.98
2003-12-20,0.98
2003-12-21,0.98
2003-12-22,1.02
2003-12-23,1.00
2003-12-24,0.97
2003-12-25,0.97
2003-12-26,0.97
2003-12-27,0.97
2003-12-28,0.97
2003-12-29,0.98
2003-12-30,0.93
2003-12-31,0.94
2004-01-01,0.94
2004-01-02,1.01
2004-01-03,1.01
2004-01-04,1.01
2004-01-05,0.97
2004-01-06,0.92
2004-01-07,0.94
2004-01-08,0.99
2004-01-09,0.99
2004-01-10,0.99
2004-01-11,0.99
2004-01-12,1.00
2004-01-13,0.99
2004-01-14,1.01
2004-01-15,1.04
2004-01-16,0.98
2004-01-17,0.98
2004-01-18,0.98
2004-01-19,0.98
2004-01-20,1.02
2004-01-21,1.00
2004-01-22,1.02
2004-01-23,1.00
2004-01-24,1.00
2004-01-25,1.00
2004-01-26,1.08
2004-01-27,1.02
2004-01-28,0.99
2004-01-29,1.00
2004-01-30,1.03
2004-01-31,1.03
2004-02-01,1.03
2004-02-02,1.01
2004-02-03,0.97
2004-02-04,1.00
2004-02-05,1.01
2004-02-06,0.99
2004-02-07,0.99
2004-02-08,0.99
2004-02-09,1.01
2004-02-10,1.00
2004-02-11,1.00
2004-02-12,1.02
2004-02-13,1.01
2004-02-14,1.01
2004-02-15,1.01
2004-02-16,1.01
2004-02-17,1.02
2004-02-18,1.00
2004-02-19,1.00
2004-02-20,0.99
2004-02-21,0.99
2004-02-22,0.99
2004-02-23,1.00
2004-02-24,0.99
2004-02-25,1.02
2004-02-26,1.03
2004-02-27,1.04
2004-02-28,1.04
2004-02-29,1.04
2004-03-01,1.04
2004-03-02,1.00
2004-03-03,1.00
2004-03-04,0.99
2004-03-05,1.00
2004-03-06,1.00
2004-03-07,1.00
2004-03-08,1.00
2004-03-09,0.99
2004-03-10,1.00
2004-03-11,1.01
2004-03-12,0.99
2004-03-13,0.99
2004-03-14,0.99
2004-03-15,1.05
2004-03-16,0.99
2004-03-17,1.00
2004-03-18,1.00
2004-03-19,0.99
2004-03-20,0.99
2004-03-21,0.99
2004-03-22,1.01
2004-03-23,0.99
2004-03-24,0.99
2004-03-25,1.02
2004-03-26,1.00
2004-03-27,1.00
2004-03-28,1.00
2004-03-29,1.00
2004-03-30,0.98
2004-03-31,1.05
2004-04-01,1.03
2004-04-02,1.00
2004-04-03,1.00
2004-04-04,1.00
2004-04-05,1.01
2004-04-06,1.00
2004-04-07,1.00
2004-04-08,1.02
2004-04-09,1.01
2004-04-10,1.01
2004-04-11,1.01
2004-04-12,1.00
2004-04-13,1.00
2004-04-14,1.01
2004-04-15,1.03
2004-04-16,0.99
2004-04-17,0.99
2004-04-18,0.99
2004-04-19,1.00
2004-04-20,0.99
2004-04-21,0.99
2004-04-22,1.00
2004-04-23,0.99
2004-04-24,0.99
2004-04-25,0.99
2004-04-26,1.01
2004-04-27,0.99
2004-04-28,1.01
2004-04-29,1.03
2004-04-30,1.03
2004-05-01,1.03
2004-05-02,1.03
2004-05-03,1.03
2004-05-04,1.00
2004-05-05,0.99
2004-05-06,1.00
2004-05-07,0.99
2004-05-08,0.99
2004-05-09,0.99
2004-05-10,1.00
2004-05-11,0.96
2004-05-12,0.98
2004-05-13,1.00
2004-05-14,1.02
2004-05-15,1.02
2004-05-16,1.02
2004-05-17,1.05
2004-05-18,1.00
2004-05-19,1.00
2004-05-20,1.00
2004-05-21,0.99
2004-05-22,0.99
2004-05-23,0.99
2004-05-24,1.00
2004-05-25,1.00
2004-05-26,0.99
2004-05-27,1.00
2004-05-28,1.02
2004-05-29,1.02
2004-05-30,1.02
2004-05-31,1.02
2004-06-01,1.02
2004-06-02,0.98
2004-06-03,0.99
2004-06-04,0.99
2004-06-05,0.99
2004-06-06,0.99
2004-06-07,0.99
2004-06-08,0.97
2004-06-09,0.99
2004-06-10,1.00
2004-06-11,1.00
2004-06-12,1.00
2004-06-13,1.00
2004-06-14,1.02
2004-06-15,1.03
2004-06-16,1.00
2004-06-17,1.01
2004-06-18,1.00
2004-06-19,1.00
2004-06-20,1.00
2004-06-21,1.00
2004-06-22,1.00
2004-06-23,1.02
2004-06-24,1.03
2004-06-25,1.05
2004-06-26,1.05
2004-06-27,1.05
2004-06-28,1.09
2004-06-29,1.13
2004-06-30,1.38
2004-07-01,1.40
2004-07-02,1.25
2004-07-03,1.25
2004-07-04,1.25
2004-07-05,1.25
2004-07-06,1.30
2004-07-07,1.26
2004-07-08,1.26
2004-07-09,1.24
2004-07-10,1.24
2004-07-11,1.24
2004-07-12,1.26
2004-07-13,1.24
2004-07-14,1.24
2004-07-15,1.30
2004-07-16,1.24
2004-07-17,1.24
2004-07-18,1.24
2004-07-19,1.25
2004-07-20,1.25
2004-07-21,1.25
2004-07-22,1.26
2004-07-23,1.25
2004-07-24,1.25
2004-07-25,1.25
2004-07-26,1.27
2004-07-27,1.27
2004-07-28,1.29
2004-07-29,1.30
2004-07-30,1.29
2004-07-31,1.29
2004-08-01,1.29
2004-08-02,1.28
2004-08-03,1.24
2004-08-04,1.22
2004-08-05,1.30
2004-08-06,1.32
2004-08-07,1.32
2004-08-08,1.32
2004-08-09,1.35
2004-08-10,1.43
2004-08-11,1.50
2004-08-12,1.51
2004-08-13,1.48
2004-08-14,1.48
2004-08-15,1.48
2004-08-16,1.43
2004-08-17,1.20
2004-08-18,1.39
2004-08-19,1.50
2004-08-20,1.50
2004-08-21,1.50
2004-08-22,1.50
2004-08-23,1.51
2004-08-24,1.51
2004-08-25,1.55
2004-08-26,1.55
2004-08-27,1.52
2004-08-28,1.52
2004-08-29,1.52
2004-08-30,1.54
2004-08-31,1.55
2004-09-01,1.53
2004-09-02,1.51
2004-09-03,1.48
2004-09-04,1.48
2004-09-05,1.48
2004-09-06,1.48
2004-09-07,1.54
2004-09-08,1.51
2004-09-09,1.49
2004-09-10,1.48
2004-09-11,1.48
2004-09-12,1.48
2004-09-13,1.51
2004-09-14,1.40
2004-09-15,1.57
2004-09-16,1.61
2004-09-17,1.58
2004-09-18,1.58
2004-09-19,1.58
2004-09-20,1.64
2004-09-21,1.70
2004-09-22,1.78
2004-09-23,1.80
2004-09-24,1.76
2004-09-25,1.76
2004-09-26,1.76
2004-09-27,1.76
2004-09-28,1.72
2004-09-29,1.76
2004-09-30,1.94
2004-10-01,1.86
2004-10-02,1.86
2004-10-03,1.86
2004-10-04,1.77
2004-10-05,1.73
2004-10-06,1.74
2004-10-07,1.76
2004-10-08,1.71
2004-10-09,1.71
2004-10-10,1.71
2004-10-11,1.71
2004-10-12,1.78
2004-10-13,1.73
2004-10-14,1.77
2004-10-15,1.79
2004-10-16,1.79
2004-10-17,1.79
2004-10-18,1.73
2004-10-19,1.72
2004-10-20,1.74
2004-10-21,1.76
2004-10-22,1.72
2004-10-23,1.72
2004-10-24,1.72
2004-10-25,1.76
2004-10-26,1.72
2004-10-27,1.77
2004-10-28,1.79
2004-10-29,1.79
2004-10-30,1.79
2004-10-31,1.79
2004-11-01,1.83
2004-11-02,1.74
2004-11-03,1.73
2004-11-04,1.77
2004-11-05,1.76
2004-11-06,1.76
2004-11-07,1.76
2004-11-08,1.80
2004-11-09,1.79
2004-11-10,1.92
2004-11-11,1.92
2004-11-12,2.02
2004-11-13,2.02
2004-11-14,2.02
2004-11-15,2.06
2004-11-16,1.98
2004-11-17,1.99
2004-11-18,1.99
2004-11-19,1.99
2004-11-20,1.99
2004-11-21,1.99
2004-11-22,2.01
2004-11-23,2.00
2004-11-24,2.02
2004-11-25,2.02
2004-11-26,2.01
2004-11-27,2.01
2004-11-28,2.01
2004-11-29,2.03
2004-11-30,2.02
2004-12-01,2.04
2004-12-02,2.00
2004-12-03,1.98
2004-12-04,1.98
2004-12-05,1.98
2004-12-06,2.04
2004-12-07,1.99
2004-12-08,2.01
2004-12-09,2.05
2004-12-10,2.09
2004-12-11,2.09
2004-12-12,2.09
2004-12-13,2.18
2004-12-14,2.24
2004-12-15,2.31
2004-12-16,2.26
2004-12-17,2.23
2004-12-18,2.23
2004-12-19,2.23
2004-12-20,2.26
2004-12-21,2.24
2004-12-22,2.25
2004-12-23,2.34
2004-12-24,2.27
2004-12-25,2.27
2004-12-26,2.27
2004-12-27,2.24
2004-12-28,2.24
2004-12-29,2.23
2004-12-30,2.24
2004-12-31,1.97
2005-01-01,1.97
2005-01-02,1.97
2005-01-03,2.31
2005-01-04,2.25
2005-01-05,2.25
2005-01-06,2.25
2005-01-07,2.24
2005-01-08,2.24
2005-01-09,2.24
2005-01-10,2.26
2005-01-11,2.24
2005-01-12,2.25
2005-01-13,2.29
2005-01-14,2.29
2005-01-15,2.29
2005-01-16,2.29
2005-01-17,2.29
2005-01-18,2.31
2005-01-19,2.19
2005-01-20,2.25
2005-01-21,2.26
2005-01-22,2.26
2005-01-23,2.26
2005-01-24,2.26
2005-01-25,2.29
2005-01-26,2.33
2005-01-27,2.39
2005-01-28,2.48
2005-01-29,2.48
2005-01-30,2.48
2005-01-31,2.50
2005-02-01,2.40
2005-02-02,2.29
2005-02-03,2.49
2005-02-04,2.51
2005-02-05,2.51
2005-02-06,2.51
2005-02-07,2.50
2005-02-08,2.48
2005-02-09,2.50
2005-02-10,2.51
2005-02-11,2.50
2005-02-12,2.50
2005-02-13,2.50
2005-02-14,2.51
2005-02-15,2.53
2005-02-16,2.48
2005-02-17,2.50
2005-02-18,2.51
2005-02-19,2.51
2005-02-20,2.51
2005-02-21,2.51
2005-02-22,2.57
2005-02-23,2.53
2005-02-24,2.55
2005-02-25,2.54
2005-02-26,2.54
2005-02-27,2.54
2005-02-28,2.52
2005-03-01,2.39
2005-03-02,2.48
2005-03-03,2.51
2005-03-04,2.50
2005-03-05,2.50
2005-03-06,2.50
2005-03-07,2.51
2005-03-08,2.49
2005-03-09,2.50
2005-03-10,2.52
2005-03-11,2.51
2005-03-12,2.51
2005-03-13,2.51
2005-03-14,2.59
2005-03-15,2.61
2005-03-16,2.57
2005-03-17,2.68
2005-03-18,2.70
2005-03-19,2.70
2005-03-20,2.70
2005-03-21,2.71
2005-03-22,2.72
2005-03-23,2.73
2005-03-24,2.75
2005-03-25,2.80
2005-03-26,2.80
2005-03-27,2.80
2005-03-28,2.79
2005-03-29,2.72
2005-03-30,2.74
2005-03-31,2.96
2005-04-01,2.83
2005-04-02,2.83
2005-04-03,2.83
2005-04-04,2.78
2005-04-05,2.72
2005-04-06,2.73
2005-04-07,2.76
2005-04-08,2.75
2005-04-09,2.75
2005-04-10,2.75
2005-04-11,2.78
2005-04-12,2.77
2005-04-13,2.76
2005-04-14,2.79
2005-04-15,2.82
2005-04-16,2.82
2005-04-17,2.82
2005-04-18,2.75
2005-04-19,2.74
2005-04-20,2.74
2005-04-21,2.75
2005-04-22,2.74
2005-04-23,2.74
2005-04-24,2.74
2005-04-25,2.82
2005-04-26,2.78
2005-04-27,2.63
2005-04-28,2.89
2005-04-29,2.97
2005-04-30,2.97
2005-05-01,2.97
2005-05-02,2.98
2005-05-03,2.95
2005-05-04,2.99
2005-05-05,2.99
2005-05-06,2.98
2005-05-07,2.98
2005-05-08,2.98
2005-05-09,2.99
2005-05-10,2.99
2005-05-11,2.99
2005-05-12,3.01
2005-05-13,3.01
2005-05-14,3.01
2005-05-15,3.01
2005-05-16,3.06
2005-05-17,2.99
2005-05-18,3.00
2005-05-19,3.02
2005-05-20,3.01
2005-05-21,3.01
2005-05-22,3.01
2005-05-23,3.01
2005-05-24,2.99
2005-05-25,3.01
2005-05-26,3.01
2005-05-27,3.01
2005-05-28,3.01
2005-05-29,3.01
2005-05-30,3.01
2005-05-31,3.09
2005-06-01,3.02
2005-06-02,3.00
2005-06-03,2.99
2005-06-04,2.99
2005-06-05,2.99
2005-06-06,3.00
2005-06-07,2.96
2005-06-08,2.96
2005-06-09,3.01
2005-06-10,3.01
2005-06-11,3.01
2005-06-12,3.01
2005-06-13,3.04
2005-06-14,3.01
2005-06-15,3.05
2005-06-16,3.00
2005-06-17,2.99
2005-06-18,2.99
2005-06-19,2.99
2005-06-20,3.01
2005-06-21,2.96
2005-06-22,2.93
2005-06-23,3.05
2005-06-24,3.07
2005-06-25,3.07
2005-06-26,3.07
2005-06-27,3.17
2005-06-28,3.17
2005-06-29,3.20
2005-06-30,3.35
2005-07-01,3.36
2005-07-02,3.36
2005-07-03,3.36
2005-07-04,3.36
2005-07-05,3.27
2005-07-06,2.99
2005-07-07,3.18
2005-07-08,3.22
2005-07-09,3.22
2005-07-10,3.22
2005-07-11,3.23
2005-07-12,3.23
2005-07-13,3.27
2005-07-14,3.32
2005-07-15,3.32
2005-07-16,3.32
2005-07-17,3.32
2005-07-18,3.19
2005-07-19,3.13
2005-07-20,3.25
2005-07-21,3.27
2005-07-22,3.25
2005-07-23,3.25
2005-07-24,3.25
2005-07-25,3.28
2005-07-26,3.25
2005-07-27,3.27
2005-07-28,3.27
2005-07-29,3.31
2005-07-30,3.31
2005-07-31,3.31
2005-08-01,3.30
2005-08-02,3.20
2005-08-03,3.35
2005-08-04,3.44
2005-08-05,3.49
2005-08-06,3.49
2005-08-07,3.49
2005-08-08,3.50
2005-08-09,3.47
2005-08-10,3.48
2005-08-11,3.51
2005-08-12,3.55
2005-08-13,3.55
2005-08-14,3.55
2005-08-15,3.61
2005-08-16,3.46
2005-08-17,3.57
2005-08-18,3.50
2005-08-19,3.54
2005-08-20,3.54
2005-08-21,3.54
2005-08-22,3.51
2005-08-23,3.49
2005-08-24,3.50
2005-08-25,3.55
2005-08-26,3.54
2005-08-27,3.54
2005-08-28,3.54
2005-08-29,3.54
2005-08-30,3.52
2005-08-31,3.63
2005-09-01,3.57
2005-09-02,3.49
2005-09-03,3.49
2005-09-04,3.49
2005-09-05,3.49
2005-09-06,3.57
2005-09-07,3.48
2005-09-08,3.49
2005-09-09,3.49
2005-09-10,3.49
2005-09-11,3.49
2005-09-12,3.50
2005-09-13,3.45
2005-09-14,3.54
2005-09-15,3.67
2005-09-16,3.62
2005-09-17,3.62
2005-09-18,3.62
2005-09-19,3.62
2005-09-20,3.67
2005-09-21,3.72
2005-09-22,3.77
2005-09-23,3.76
2005-09-24,3.76
2005-09-25,3.76
2005-09-26,3.83
2005-09-27,3.73
2005-09-28,3.76
2005-09-29,3.82
2005-09-30,3.93
2005-10-01,3.93
2005-10-02,3.93
2005-10-03,3.87
2005-10-04,3.75
2005-10-05,3.75
2005-10-06,3.76
2005-10-07,3.73
2005-10-08,3.73
2005-10-09,3.73
2005-10-10,3.73
2005-10-11,3.72
2005-10-12,3.36
2005-10-13,3.75
2005-10-14,3.77
2005-10-15,3.77
2005-10-16,3.77
2005-10-17,3.82
2005-10-18,3.71
2005-10-19,3.71
2005-10-20,3.77
2005-10-21,3.76
2005-10-22,3.76
2005-10-23,3.76
2005-10-24,3.76
2005-10-25,3.74
2005-10-26,3.75
2005-10-27,3.85
2005-10-28,3.90
2005-10-29,3.90
2005-10-30,3.90
2005-10-31,4.02
2005-11-01,3.99
2005-11-02,3.99
2005-11-03,4.01
2005-11-04,4.00
2005-11-05,4.00
2005-11-06,4.00
2005-11-07,3.99
2005-11-08,3.95
2005-11-09,4.02
2005-11-10,3.98
2005-11-11,3.98
2005-11-12,3.98
2005-11-13,3.98
2005-11-14,4.03
2005-11-15,3.97
2005-11-16,3.96
2005-11-17,3.98
2005-11-18,4.00
2005-11-19,4.00
2005-11-20,4.00
2005-11-21,4.03
2005-11-22,3.99
2005-11-23,4.01
2005-11-24,4.01
2005-11-25,4.03
2005-11-26,4.03
2005-11-27,4.03
2005-11-28,4.01
2005-11-29,3.99
2005-11-30,4.03
2005-12-01,4.03
2005-12-02,4.00
2005-12-03,4.00
2005-12-04,4.00
2005-12-05,4.02
2005-12-06,3.97
2005-12-07,3.98
2005-12-08,4.09
2005-12-09,4.16
2005-12-10,4.16
2005-12-11,4.16
2005-12-12,4.24
2005-12-13,4.23
2005-12-14,4.26
2005-12-15,4.29
2005-12-16,4.25
2005-12-17,4.25
2005-12-18,4.25
2005-12-19,4.25
2005-12-20,4.30
2005-12-21,4.08
2005-12-22,4.25
2005-12-23,4.21
2005-12-24,4.21
2005-12-25,4.21
2005-12-26,4.21
2005-12-27,4.26
2005-12-28,4.19
2005-12-29,4.18
2005-12-30,4.09
2005-12-31,4.09
2006-01-01,4.09
2006-01-02,4.09
2006-01-03,4.34
2006-01-04,4.22
2006-01-05,4.24
2006-01-06,4.22
2006-01-07,4.22
2006-01-08,4.22
2006-01-09,4.25
2006-01-10,4.24
2006-01-11,4.24
2006-01-12,4.28
2006-01-13,4.30
2006-01-14,4.30
2006-01-15,4.30
2006-01-16,4.30
2006-01-17,4.32
2006-01-18,4.24
2006-01-19,4.23
2006-01-20,4.24
2006-01-21,4.24
2006-01-22,4.24
2006-01-23,4.26
2006-01-24,4.28
2006-01-25,4.36
2006-01-26,4.37
2006-01-27,4.42
2006-01-28,4.42
2006-01-29,4.42
2006-01-30,4.48
2006-01-31,4.47
2006-02-01,4.47
2006-02-02,4.48
2006-02-03,4.51
2006-02-04,4.51
2006-02-05,4.51
2006-02-06,4.51
2006-02-07,4.47
2006-02-08,4.48
2006-02-09,4.52
2006-02-10,4.51
2006-02-11,4.51
2006-02-12,4.51
2006-02-13,4.44
2006-02-14,4.45
2006-02-15,4.50
2006-02-16,4.48
2006-02-17,4.48
2006-02-18,4.48
2006-02-19,4.48
2006-02-20,4.48
2006-02-21,4.54
2006-02-22,4.49
2006-02-23,4.47
2006-02-24,4.48
2006-02-25,4.48
2006-02-26,4.48
2006-02-27,4.52
2006-02-28,4.52
2006-03-01,4.52
2006-03-02,4.50
2006-03-03,4.51
2006-03-04,4.51
2006-03-05,4.51
2006-03-06,4.51
2006-03-07,4.51
2006-03-08,4.51
2006-03-09,4.51
2006-03-10,4.51
2006-03-11,4.51
2006-03-12,4.51
2006-03-13,4.52
2006-03-14,4.51
2006-03-15,4.47
2006-03-16,4.55
2006-03-17,4.60
2006-03-18,4.60
2006-03-19,4.60
2006-03-20,4.55
2006-03-21,4.54
2006-03-22,4.58
2006-03-23,4.64
2006-03-24,4.69
2006-03-25,4.69
2006-03-26,4.69
2006-03-27,4.77
2006-03-28,4.70
2006-03-29,4.69
2006-03-30,4.76
2006-03-31,5.00
2006-04-01,5.00
2006-04-02,5.00
2006-04-03,4.87
2006-04-04,4.76
2006-04-05,4.76
2006-04-06,4.76
2006-04-07,4.76
2006-04-08,4.76
2006-04-09,4.76
2006-04-10,4.78
2006-04-11,4.74
2006-04-12,4.78
2006-04-13,4.82
2006-04-14,4.80
2006-04-15,4.80
2006-04-16,4.80
2006-04-17,4.78
2006-04-18,4.72
2006-04-19,4.70
2006-04-20,4.73
2006-04-21,4.74
2006-04-22,4.74
2006-04-23,4.74
2006-04-24,4.77
2006-04-25,4.74
2006-04-26,4.73
2006-04-27,4.79
2006-04-28,4.86
2006-04-29,4.86
2006-04-30,4.86
2006-05-01,4.84
2006-05-02,4.79
2006-05-03,4.81
2006-05-04,4.83
2006-05-05,4.83
2006-05-06,4.83
2006-05-07,4.83
2006-05-08,4.88
2006-05-09,4.78
2006-05-10,4.88
2006-05-11,4.99
2006-05-12,5.01
2006-05-13,5.01
2006-05-14,5.01
2006-05-15,5.01
2006-05-16,4.98
2006-05-17,4.96
2006-05-18,5.00
2006-05-19,5.00
2006-05-20,5.00
2006-05-21,5.00
2006-05-22,5.00
2006-05-23,4.94
2006-05-24,4.90
2006-05-25,5.01
2006-05-26,4.99
2006-05-27,4.99
2006-05-28,4.99
2006-05-29,4.99
2006-05-30,5.02
2006-05-31,5.05
2006-06-01,5.02
2006-06-02,4.97
2006-06-03,4.97
2006-06-04,4.97
2006-06-05,5.01
2006-06-06,4.99
2006-06-07,4.99
2006-06-08,5.02
2006-06-09,5.00
2006-06-10,5.00
2006-06-11,5.00
2006-06-12,5.01
2006-06-13,5.00
2006-06-14,5.00
2006-06-15,5.02
2006-06-16,4.94
2006-06-17,4.94
2006-06-18,4.94
2006-06-19,4.95
2006-06-20,4.92
2006-06-21,4.91
2006-06-22,4.98
2006-06-23,4.98
2006-06-24,4.98
2006-06-25,4.98
2006-06-26,5.03
2006-06-27,5.02
2006-06-28,5.06
2006-06-29,5.08
2006-06-30,5.05
2006-07-01,5.05
2006-07-02,5.05
2006-07-03,5.25
2006-07-04,5.25
2006-07-05,5.25
2006-07-06,5.24
2006-07-07,5.22
2006-07-08,5.22
2006-07-09,5.22
2006-07-10,5.24
2006-07-11,5.25
2006-07-12,5.27
2006-07-13,5.26
2006-07-14,5.26
2006-07-15,5.26
2006-07-16,5.26
2006-07-17,5.28
2006-07-18,5.22
2006-07-19,5.23
2006-07-20,5.24
2006-07-21,5.23
2006-07-22,5.23
2006-07-23,5.23
2006-07-24,5.24
2006-07-25,5.24
2006-07-26,5.24
2006-07-27,5.27
2006-07-28,5.26
2006-07-29,5.26
2006-07-30,5.26
2006-07-31,5.31
2006-08-01,5.27
2006-08-02,5.25
2006-08-03,5.27
2006-08-04,5.25
2006-08-05,5.25
2006-08-06,5.25
2006-08-07,5.24
2006-08-08,5.26
2006-08-09,5.25
2006-08-10,5.24
2006-08-11,5.24
2006-08-12,5.24
2006-08-13,5.24
2006-08-14,5.26
2006-08-15,5.24
2006-08-16,5.17
2006-08-17,5.20
2006-08-18,5.25
2006-08-19,5.25
2006-08-20,5.25
2006-08-21,5.24
2006-08-22,5.24
2006-08-23,5.25
2006-08-24,5.25
2006-08-25,5.25
2006-08-26,5.25
2006-08-27,5.25
2006-08-28,5.25
2006-08-29,5.23
2006-08-30,5.25
2006-08-31,5.31
2006-09-01,5.25
2006-09-02,5.25
2006-09-03,5.25
2006-09-04,5.25
2006-09-05,5.26
2006-09-06,5.21
2006-09-07,5.23
2006-09-08,5.23
2006-09-09,5.23
2006-09-10,5.23
2006-09-11,5.24
2006-09-12,5.21
2006-09-13,5.26
2006-09-14,5.26
2006-09-15,5.25
2006-09-16,5.25
2006-09-17,5.25
2006-09-18,5.23
2006-09-19,5.21
2006-09-20,5.23
2006-09-21,5.24
2006-09-22,5.27
2006-09-23,5.27
2006-09-24,5.27
2006-09-25,5.30
2006-09-26,5.25
2006-09-27,5.30
2006-09-28,5.28
2006-09-29,5.34
2006-09-30,5.34
2006-10-01,5.34
2006-10-02,5.33
2006-10-03,5.25
2006-10-04,5.23
2006-10-05,5.23
2006-10-06,5.22
2006-10-07,5.22
2006-10-08,5.22
2006-10-09,5.22
2006-10-10,5.28
2006-10-11,5.25
2006-10-12,5.25
2006-10-13,5.21
2006-10-14,5.21
2006-10-15,5.21
2006-10-16,5.28
2006-10-17,5.21
2006-10-18,5.23
2006-10-19,5.22
2006-10-20,5.25
2006-10-21,5.25
2006-10-22,5.25
2006-10-23,5.24
2006-10-24,5.24
2006-10-25,5.26
2006-10-26,5.23
2006-10-27,5.23
2006-10-28,5.23
2006-10-29,5.23
2006-10-30,5.27
2006-10-31,5.31
2006-11-01,5.23
2006-11-02,5.22
2006-11-03,5.25
2006-11-04,5.25
2006-11-05,5.25
2006-11-06,5.24
2006-11-07,5.22
2006-11-08,5.22
2006-11-09,5.23
2006-11-10,5.23
2006-11-11,5.23
2006-11-12,5.23
2006-11-13,5.27
2006-11-14,5.25
2006-11-15,5.29
2006-11-16,5.25
2006-11-17,5.20
2006-11-18,5.20
2006-11-19,5.20
2006-11-20,5.25
2006-11-21,5.29
2006-11-22,5.26
2006-11-23,5.26
2006-11-24,5.24
2006-11-25,5.24
2006-11-26,5.24
2006-11-27,5.32
2006-11-28,5.24
2006-11-29,5.26
2006-11-30,5.31
2006-12-01,5.27
2006-12-02,5.27
2006-12-03,5.27
2006-12-04,5.22
2006-12-05,5.21
2006-12-06,5.22
2006-12-07,5.25
2006-12-08,5.25
2006-12-09,5.25
2006-12-10,5.25
2006-12-11,5.25
2006-12-12,5.23
2006-12-13,5.23
2006-12-14,5.29
2006-12-15,5.27
2006-12-16,5.27
2006-12-17,5.27
2006-12-18,5.21
2006-12-19,5.21
2006-12-20,5.26
2006-12-21,5.25
2006-12-22,5.24
2006-12-23,5.24
2006-12-24,5.24
2006-12-25,5.24
2006-12-26,5.29
2006-12-27,5.17
2006-12-28,5.25
2006-12-29,5.17
2006-12-30,5.17
2006-12-31,5.17
2007-01-01,5.17
2007-01-02,5.30
2007-01-03,5.28
2007-01-04,5.24
2007-01-05,5.21
2007-01-06,5.21
2007-01-07,5.21
2007-01-08,5.23
2007-01-09,5.25
2007-01-10,5.26
2007-01-11,5.27
2007-01-12,5.22
2007-01-13,5.22
2007-01-14,5.22
2007-01-15,5.22
2007-01-16,5.28
2007-01-17,5.25
2007-01-18,5.23
2007-01-19,5.25
2007-01-20,5.25
2007-01-21,5.25
2007-01-22,5.24
2007-01-23,5.26
2007-01-24,5.27
2007-01-25,5.31
2007-01-26,5.26
2007-01-27,5.26
2007-01-28,5.26
2007-01-29,5.26
2007-01-30,5.23
2007-01-31,5.33
2007-02-01,5.29
2007-02-02,5.24
2007-02-03,5.24
2007-02-04,5.24
2007-02-05,5.25
2007-02-06,5.24
2007-02-07,5.23
2007-02-08,5.25
2007-02-09,5.25
2007-02-10,5.25
2007-02-11,5.25
2007-02-12,5.28
2007-02-13,5.26
2007-02-14,5.27
2007-02-15,5.29
2007-02-16,5.24
2007-02-17,5.24
2007-02-18,5.24
2007-02-19,5.24
2007-02-20,5.27
2007-02-21,5.23
2007-02-22,5.26
2007-02-23,5.24
2007-02-24,5.24
2007-02-25,5.24
2007-02-26,5.30
2007-02-27,5.27
2007-02-28,5.41
2007-03-01,5.31
2007-03-02,5.23
2007-03-03,5.23
2007-03-04,5.23
2007-03-05,5.27
2007-03-06,5.22
2007-03-07,5.24
2007-03-08,5.24
2007-03-09,5.24
2007-03-10,5.24
2007-03-11,5.24
2007-03-12,5.25
2007-03-13,5.25
2007-03-14,5.27
2007-03-15,5.29
2007-03-16,5.25
2007-03-17,5.25
2007-03-18,5.25
2007-03-19,5.26
2007-03-20,5.26
2007-03-21,5.26
2007-03-22,5.27
2007-03-23,5.24
2007-03-24,5.24
2007-03-25,5.24
2007-03-26,5.28
2007-03-27,5.25
2007-03-28,5.27
2007-03-29,5.29
2007-03-30,5.30
2007-03-31,5.30
2007-04-01,5.30
2007-04-02,5.25
2007-04-03,5.20
2007-04-04,5.21
2007-04-05,5.30
2007-04-06,5.30
2007-04-07,5.30
2007-04-08,5.30
2007-04-09,5.28
2007-04-10,5.26
2007-04-11,5.24
2007-04-12,5.27
2007-04-13,5.25
2007-04-14,5.25
2007-04-15,5.25
2007-04-16,5.29
2007-04-17,5.20
2007-04-18,5.19
2007-04-19,5.23
2007-04-20,5.25
2007-04-21,5.25
2007-04-22,5.25
2007-04-23,5.23
2007-04-24,5.20
2007-04-25,5.19
2007-04-26,5.24
2007-04-27,5.24
2007-04-28,5.24
2007-04-29,5.24
2007-04-30,5.29
2007-05-01,5.26
2007-05-02,5.21
2007-05-03,5.24
2007-05-04,5.24
2007-05-05,5.24
2007-05-06,5.24
2007-05-07,5.24
2007-05-08,5.21
2007-05-09,5.21
2007-05-10,5.25
2007-05-11,5.27
2007-05-12,5.27
2007-05-13,5.27
2007-05-14,5.26
2007-05-15,5.29
2007-05-16,5.25
2007-05-17,5.25
2007-05-18,5.24
2007-05-19,5.24
2007-05-20,5.24
2007-05-21,5.24
2007-05-22,5.23
2007-05-23,5.25
2007-05-24,5.24
2007-05-25,5.29
2007-05-26,5.29
2007-05-27,5.29
2007-05-28,5.29
2007-05-29,5.29
2007-05-30,5.25
2007-05-31,5.28
2007-06-01,5.23
2007-06-02,5.23
2007-06-03,5.23
2007-06-04,5.24
2007-06-05,5.19
2007-06-06,5.25
2007-06-07,5.25
2007-06-08,5.26
2007-06-09,5.26
2007-06-10,5.26
2007-06-11,5.27
2007-06-12,5.26
2007-06-13,5.26
2007-06-14,5.28
2007-06-15,5.26
2007-06-16,5.26
2007-06-17,5.26
2007-06-18,5.23
2007-06-19,5.21
2007-06-20,5.27
2007-06-21,5.26
2007-06-22,5.24
2007-06-23,5.24
2007-06-24,5.24
2007-06-25,5.29
2007-06-26,5.25
2007-06-27,5.26
2007-06-28,5.26
2007-06-29,5.31
2007-06-30,5.31
2007-07-01,5.31
2007-07-02,5.31
2007-07-03,5.24
2007-07-04,5.24
2007-07-05,5.25
2007-07-06,5.22
2007-07-07,5.22
2007-07-08,5.22
2007-07-09,5.22
2007-07-10,5.24
2007-07-11,5.24
2007-07-12,5.26
2007-07-13,5.25
2007-07-14,5.25
2007-07-15,5.25
2007-07-16,5.32
2007-07-17,5.28
2007-07-18,5.26
2007-07-19,5.25
2007-07-20,5.25
2007-07-21,5.25
2007-07-22,5.25
2007-07-23,5.26
2007-07-24,5.25
2007-07-25,5.32
2007-07-26,5.28
2007-07-27,5.25
2007-07-28,5.25
2007-07-29,5.25
2007-07-30,5.29
2007-07-31,5.28
2007-08-01,5.30
2007-08-02,5.24
2007-08-03,5.24
2007-08-04,5.24
2007-08-05,5.24
2007-08-06,5.26
2007-08-07,5.26
2007-08-08,5.27
2007-08-09,5.41
2007-08-10,4.68
2007-08-11,4.68
2007-08-12,4.68
2007-08-13,4.81
2007-08-14,4.54
2007-08-15,4.71
2007-08-16,4.97
2007-08-17,4.91
2007-08-18,4.91
2007-08-19,4.91
2007-08-20,5.03
2007-08-21,4.89
2007-08-22,4.77
2007-08-23,4.88
2007-08-24,5.11
2007-08-25,5.11
2007-08-26,5.11
2007-08-27,5.27
2007-08-28,5.30
2007-08-29,5.00
2007-08-30,5.00
2007-08-31,4.96
2007-09-01,4.96
2007-09-02,4.96
2007-09-03,4.96
2007-09-04,5.22
2007-09-05,5.18
2007-09-06,4.98
2007-09-07,4.86
2007-09-08,4.86
2007-09-09,4.86
2007-09-10,5.07
2007-09-11,5.06
2007-09-12,5.18
2007-09-13,5.09
2007-09-14,5.25
2007-09-15,5.25
2007-09-16,5.25
2007-09-17,5.33
2007-09-18,4.92
2007-09-19,4.74
2007-09-20,4.77
2007-09-21,4.76
2007-09-22,4.76
2007-09-23,4.76
2007-09-24,4.74
2007-09-25,4.82
2007-09-26,4.88
2007-09-27,4.93
2007-09-28,4.58
2007-09-29,4.58
2007-09-30,4.58
2007-10-01,4.92
2007-10-02,4.78
2007-10-03,4.68
2007-10-04,4.74
2007-10-05,4.77
2007-10-06,4.77
2007-10-07,4.77
2007-10-08,4.77
2007-10-09,4.91
2007-10-10,4.52
2007-10-11,4.75
2007-10-12,4.75
2007-10-13,4.75
2007-10-14,4.75
2007-10-15,4.81
2007-10-16,4.68
2007-10-17,4.70
2007-10-18,4.69
2007-10-19,4.77
2007-10-20,4.77
2007-10-21,4.77
2007-10-22,4.71
2007-10-23,4.67
2007-10-24,4.74
2007-10-25,4.86
2007-10-26,4.80
2007-10-27,4.80
2007-10-28,4.80
2007-10-29,4.84
2007-10-30,4.78
2007-10-31,4.60
2007-11-01,4.59
2007-11-02,4.28
2007-11-03,4.28
2007-11-04,4.28
2007-11-05,4.29
2007-11-06,4.22
2007-11-07,4.39
2007-11-08,4.58
2007-11-09,4.49
2007-11-10,4.49
2007-11-11,4.49
2007-11-12,4.49
2007-11-13,4.61
2007-11-14,4.60
2007-11-15,4.54
2007-11-16,4.51
2007-11-17,4.51
2007-11-18,4.51
2007-11-19,4.51
2007-11-20,4.51
2007-11-21,4.50
2007-11-22,4.50
2007-11-23,4.56
2007-11-24,4.56
2007-11-25,4.56
2007-11-26,4.62
2007-11-27,4.39
2007-11-28,4.53
2007-11-29,4.55
2007-11-30,4.66
2007-12-01,4.66
2007-12-02,4.66
2007-12-03,4.52
2007-12-04,4.50
2007-12-05,4.31
2007-12-06,4.49
2007-12-07,4.41
2007-12-08,4.41
2007-12-09,4.41
2007-12-10,4.46
2007-12-11,4.29
2007-12-12,4.28
2007-12-13,4.30
2007-12-14,4.24
2007-12-15,4.24
2007-12-16,4.24
2007-12-17,4.31
2007-12-18,4.16
2007-12-19,3.98
2007-12-20,4.37
2007-12-21,4.28
2007-12-22,4.28
2007-12-23,4.28
2007-12-24,4.00
2007-12-25,4.00
2007-12-26,4.26
2007-12-27,4.15
2007-12-28,4.01
2007-12-29,4.01
2007-12-30,4.01
2007-12-31,3.06